{"cols":[{"label":"\u0397\u03bc\u03ad\u03c1\u03b1","type":"number"},{"label":"\u0392\u03ac\u03c1\u03bf\u03c2","type":"number"}],"rows":[{"c":[{"v":"1"},{"v":"20"}]},{"c":[{"v":"2"},{"v":"21"}]},{"c":[{"v":"3"},{"v":"22"}]},{"c":[{"v":"4"},{"v":"23"}]},{"c":[{"v":"5"},{"v":"22"}]},{"c":[{"v":"6"},{"v":"23"}]},{"c":[{"v":"7"},{"v":"24"}]},{"c":[{"v":"8"},{"v":"25"}]},{"c":[{"v":"9"},{"v":"26"}]},{"c":[{"v":"10"},{"v":"27"}]},{"c":[{"v":"11"},{"v":"28"}]},{"c":[{"v":"12"},{"v":"28"}]},{"c":[{"v":"13"},{"v":"28"}]},{"c":[{"v":"14"},{"v":"28"}]},{"c":[{"v":"15"},{"v":"28"}]},{"c":[{"v":"16"},{"v":"28"}]},{"c":[{"v":"17"},{"v":"28"}]},{"c":[{"v":"18"},{"v":"28"}]},{"c":[{"v":"19"},{"v":"28"}]},{"c":[{"v":"20"},{"v":"28"}]},{"c":[{"v":"21"},{"v":"28"}]},{"c":[{"v":"22"},{"v":"28"}]},{"c":[{"v":"23"},{"v":"28"}]},{"c":[{"v":"24"},{"v":"28"}]},{"c":[{"v":"25"},{"v":"28"}]},{"c":[{"v":"26"},{"v":"28"}]},{"c":[{"v":"27"},{"v":"28"}]},{"c":[{"v":"28"},{"v":"28"}]},{"c":[{"v":"29"},{"v":"28"}]},{"c":[{"v":"30"},{"v":"28"}]}]}