{"cols":[{"label":"\u0397\u03bc\u03ad\u03c1\u03b1","type":"number"},{"label":"\u0398\u03b5\u03c1\u03bc\u03bf\u03ba\u03c1\u03b1\u03c3\u03af\u03b1","type":"number"}],"rows":[{"c":[{"v":"1"},{"v":"35"}]},{"c":[{"v":"2"},{"v":"35"}]},{"c":[{"v":"3"},{"v":"34"}]},{"c":[{"v":"4"},{"v":"36"}]},{"c":[{"v":"5"},{"v":"34"}]},{"c":[{"v":"6"},{"v":"35"}]},{"c":[{"v":"7"},{"v":"33"}]},{"c":[{"v":"8"},{"v":"32"}]},{"c":[{"v":"9"},{"v":"35"}]},{"c":[{"v":"10"},{"v":"33"}]},{"c":[{"v":"11"},{"v":"30"}]},{"c":[{"v":"12"},{"v":"30"}]},{"c":[{"v":"13"},{"v":"30"}]},{"c":[{"v":"14"},{"v":"30"}]},{"c":[{"v":"15"},{"v":"30"}]},{"c":[{"v":"16"},{"v":"30"}]},{"c":[{"v":"17"},{"v":"30"}]},{"c":[{"v":"18"},{"v":"30"}]},{"c":[{"v":"19"},{"v":"30"}]},{"c":[{"v":"20"},{"v":"30"}]},{"c":[{"v":"21"},{"v":"30"}]},{"c":[{"v":"22"},{"v":"30"}]},{"c":[{"v":"23"},{"v":"30"}]},{"c":[{"v":"24"},{"v":"30"}]},{"c":[{"v":"25"},{"v":"30"}]},{"c":[{"v":"26"},{"v":"30"}]},{"c":[{"v":"27"},{"v":"30"}]},{"c":[{"v":"28"},{"v":"30"}]},{"c":[{"v":"29"},{"v":"30"}]},{"c":[{"v":"30"},{"v":"30"}]}]}