{"cols":[{"label":"\u0397\u03bc\u03ad\u03c1\u03b1","type":"number"},{"label":"\u0398\u03b5\u03c1\u03bc\u03bf\u03ba\u03c1\u03b1\u03c3\u03af\u03b1","type":"number"}],"rows":[{"c":[{"v":" 1"},{"v":"25.3"}]},{"c":[{"v":" 2"},{"v":"26.6"}]},{"c":[{"v":" 3"},{"v":"28.3"}]},{"c":[{"v":" 4"},{"v":"29.4"}]},{"c":[{"v":" 5"},{"v":"29"}]},{"c":[{"v":" 6"},{"v":"26.3"}]},{"c":[{"v":" 7"},{"v":"26.8"}]},{"c":[{"v":" 8"},{"v":"27.2"}]},{"c":[{"v":" 9"},{"v":"27.7"}]},{"c":[{"v":"10"},{"v":"30.6"}]},{"c":[{"v":"11"},{"v":"31"}]},{"c":[{"v":"12"},{"v":"27.9"}]},{"c":[{"v":"13"},{"v":"25.6"}]},{"c":[{"v":"14"},{"v":"26.7"}]},{"c":[{"v":"15"},{"v":"28.7"}]},{"c":[{"v":"16"},{"v":"32.2"}]},{"c":[{"v":"17"},{"v":"32.9"}]},{"c":[{"v":"18"},{"v":"32.8"}]},{"c":[{"v":"19"},{"v":"31.9"}]},{"c":[{"v":"20"},{"v":"33.6"}]},{"c":[{"v":"21"},{"v":"31.4"}]},{"c":[{"v":"22"},{"v":"33.8"}]},{"c":[{"v":"23"},{"v":"34.7"}]},{"c":[{"v":"24"},{"v":"34.9"}]},{"c":[{"v":"25"},{"v":"34.4"}]},{"c":[{"v":"26"},{"v":"31.9"}]},{"c":[{"v":"27"},{"v":"31.5"}]},{"c":[{"v":"28"},{"v":"30.7"}]},{"c":[{"v":"29"},{"v":"30.5"}]},{"c":[{"v":"30"},{"v":"29.4"}]}]}