{"cols":[{"label":"\u0397\u03bc\u03ad\u03c1\u03b1","type":"number"},{"label":"\u0386\u03bd\u03b5\u03bc\u03bf\u03c2","type":"number"}],"rows":[{"c":[{"v":" 1"},{"v":"4.3"}]},{"c":[{"v":" 2"},{"v":"3.1"}]},{"c":[{"v":" 3"},{"v":"3.5"}]},{"c":[{"v":" 4"},{"v":"4.2"}]},{"c":[{"v":" 5"},{"v":"4.3"}]},{"c":[{"v":" 6"},{"v":"2.7"}]},{"c":[{"v":" 7"},{"v":"1.9"}]},{"c":[{"v":" 8"},{"v":"3.5"}]},{"c":[{"v":" 9"},{"v":"2.7"}]},{"c":[{"v":"10"},{"v":"3.1"}]},{"c":[{"v":"11"},{"v":"3.4"}]},{"c":[{"v":"12"},{"v":"1.8"}]},{"c":[{"v":"13"},{"v":"2.7"}]},{"c":[{"v":"14"},{"v":"3.4"}]},{"c":[{"v":"15"},{"v":"2.4"}]},{"c":[{"v":"16"},{"v":"2.1"}]},{"c":[{"v":"17"},{"v":"3.4"}]},{"c":[{"v":"18"},{"v":"5.6"}]},{"c":[{"v":"19"},{"v":"6.9"}]},{"c":[{"v":"20"},{"v":"6.8"}]},{"c":[{"v":"21"},{"v":"7.1"}]},{"c":[{"v":"22"},{"v":"4.2"}]},{"c":[{"v":"23"},{"v":"3.5"}]},{"c":[{"v":"24"},{"v":"2.4"}]},{"c":[{"v":"25"},{"v":"2.3"}]},{"c":[{"v":"26"},{"v":"3.1"}]},{"c":[{"v":"27"},{"v":"4.8"}]},{"c":[{"v":"28"},{"v":"3.1"}]},{"c":[{"v":"29"},{"v":"3.9"}]},{"c":[{"v":"30"},{"v":"3.7"}]}]}