{"cols":[{"label":"\u0397\u03bc\u03ad\u03c1\u03b1","type":"number"},{"label":"\u0398\u03b5\u03c1\u03bc\u03bf\u03ba\u03c1\u03b1\u03c3\u03af\u03b1","type":"number"}],"rows":[{"c":[{"v":" 1"},{"v":"15.1"}]},{"c":[{"v":" 2"},{"v":"16.1"}]},{"c":[{"v":" 3"},{"v":"16.7"}]},{"c":[{"v":" 4"},{"v":"17.7"}]},{"c":[{"v":" 5"},{"v":"17.3"}]},{"c":[{"v":" 6"},{"v":"15.2"}]},{"c":[{"v":" 7"},{"v":"18.5"}]},{"c":[{"v":" 8"},{"v":"17.8"}]},{"c":[{"v":" 9"},{"v":"15.6"}]},{"c":[{"v":"10"},{"v":"16.9"}]},{"c":[{"v":"11"},{"v":"19.4"}]},{"c":[{"v":"12"},{"v":"15.1"}]},{"c":[{"v":"13"},{"v":"16.8"}]},{"c":[{"v":"14"},{"v":"17.4"}]},{"c":[{"v":"15"},{"v":"18.6"}]},{"c":[{"v":"16"},{"v":"17.2"}]},{"c":[{"v":"17"},{"v":"18.9"}]},{"c":[{"v":"18"},{"v":"22.4"}]},{"c":[{"v":"19"},{"v":"24.8"}]},{"c":[{"v":"20"},{"v":"25.6"}]},{"c":[{"v":"21"},{"v":"21.9"}]},{"c":[{"v":"22"},{"v":"20.7"}]},{"c":[{"v":"23"},{"v":"20.4"}]},{"c":[{"v":"24"},{"v":"20.3"}]},{"c":[{"v":"25"},{"v":"21.4"}]},{"c":[{"v":"26"},{"v":"19.7"}]},{"c":[{"v":"27"},{"v":"21.3"}]},{"c":[{"v":"28"},{"v":"19.6"}]},{"c":[{"v":"29"},{"v":"19.8"}]},{"c":[{"v":"30"},{"v":"20.3"}]}]}